<?xml version="1.0" encoding="UTF-8"?>
<GenRun Id="impl_1" LaunchPart="xc7a100tcsg324-1" LaunchTime="1606956695">
  <File Type="BITSTR-BMM" Name="LIB_LCD_INTESC_REVD_bd.bmm"/>
  <File Type="OPT-METHODOLOGY-DRC" Name="LIB_LCD_INTESC_REVD_methodology_drc_opted.rpt"/>
  <File Type="INIT-TIMING" Name="LIB_LCD_INTESC_REVD_timing_summary_init.rpt"/>
  <File Type="ROUTE-PWR" Name="LIB_LCD_INTESC_REVD_power_routed.rpt"/>
  <File Type="PA-TCL" Name="LIB_LCD_INTESC_REVD.tcl"/>
  <File Type="OPT-TIMING" Name="LIB_LCD_INTESC_REVD_timing_summary_opted.rpt"/>
  <File Type="OPT-DCP" Name="LIB_LCD_INTESC_REVD_opt.dcp"/>
  <File Type="ROUTE-PWR-SUM" Name="LIB_LCD_INTESC_REVD_power_summary_routed.pb"/>
  <File Type="REPORTS-TCL" Name="LIB_LCD_INTESC_REVD_reports.tcl"/>
  <File Type="OPT-DRC" Name="LIB_LCD_INTESC_REVD_drc_opted.rpt"/>
  <File Type="OPT-HWDEF" Name="LIB_LCD_INTESC_REVD.hwdef"/>
  <File Type="PWROPT-DCP" Name="LIB_LCD_INTESC_REVD_pwropt.dcp"/>
  <File Type="PWROPT-DRC" Name="LIB_LCD_INTESC_REVD_drc_pwropted.rpt"/>
  <File Type="PWROPT-TIMING" Name="LIB_LCD_INTESC_REVD_timing_summary_pwropted.rpt"/>
  <File Type="PLACE-DCP" Name="LIB_LCD_INTESC_REVD_placed.dcp"/>
  <File Type="PLACE-IO" Name="LIB_LCD_INTESC_REVD_io_placed.rpt"/>
  <File Type="PLACE-CLK" Name="LIB_LCD_INTESC_REVD_clock_utilization_placed.rpt"/>
  <File Type="PLACE-UTIL" Name="LIB_LCD_INTESC_REVD_utilization_placed.rpt"/>
  <File Type="PLACE-UTIL-PB" Name="LIB_LCD_INTESC_REVD_utilization_placed.pb"/>
  <File Type="PLACE-CTRL" Name="LIB_LCD_INTESC_REVD_control_sets_placed.rpt"/>
  <File Type="PLACE-SIMILARITY" Name="LIB_LCD_INTESC_REVD_incremental_reuse_placed.rpt"/>
  <File Type="PLACE-PRE-SIMILARITY" Name="LIB_LCD_INTESC_REVD_incremental_reuse_pre_placed.rpt"/>
  <File Type="BG-BGN" Name="LIB_LCD_INTESC_REVD.bgn"/>
  <File Type="PLACE-TIMING" Name="LIB_LCD_INTESC_REVD_timing_summary_placed.rpt"/>
  <File Type="POSTPLACE-PWROPT-DCP" Name="LIB_LCD_INTESC_REVD_postplace_pwropt.dcp"/>
  <File Type="BG-BIN" Name="LIB_LCD_INTESC_REVD.bin"/>
  <File Type="POSTPLACE-PWROPT-TIMING" Name="LIB_LCD_INTESC_REVD_timing_summary_postplace_pwropted.rpt"/>
  <File Type="PHYSOPT-DCP" Name="LIB_LCD_INTESC_REVD_physopt.dcp"/>
  <File Type="PHYSOPT-DRC" Name="LIB_LCD_INTESC_REVD_drc_physopted.rpt"/>
  <File Type="BITSTR-MSK" Name="LIB_LCD_INTESC_REVD.msk"/>
  <File Type="PHYSOPT-TIMING" Name="LIB_LCD_INTESC_REVD_timing_summary_physopted.rpt"/>
  <File Type="ROUTE-ERROR-DCP" Name="LIB_LCD_INTESC_REVD_routed_error.dcp"/>
  <File Type="ROUTE-DCP" Name="LIB_LCD_INTESC_REVD_routed.dcp"/>
  <File Type="ROUTE-BLACKBOX-DCP" Name="LIB_LCD_INTESC_REVD_routed_bb.dcp"/>
  <File Type="ROUTE-DRC" Name="LIB_LCD_INTESC_REVD_drc_routed.rpt"/>
  <File Type="ROUTE-DRC-PB" Name="LIB_LCD_INTESC_REVD_drc_routed.pb"/>
  <File Type="BITSTR-LTX" Name="debug_nets.ltx"/>
  <File Type="BITSTR-LTX" Name="LIB_LCD_INTESC_REVD.ltx"/>
  <File Type="ROUTE-DRC-RPX" Name="LIB_LCD_INTESC_REVD_drc_routed.rpx"/>
  <File Type="BITSTR-MMI" Name="LIB_LCD_INTESC_REVD.mmi"/>
  <File Type="ROUTE-METHODOLOGY-DRC" Name="LIB_LCD_INTESC_REVD_methodology_drc_routed.rpt"/>
  <File Type="ROUTE-METHODOLOGY-DRC-RPX" Name="LIB_LCD_INTESC_REVD_methodology_drc_routed.rpx"/>
  <File Type="BITSTR-SYSDEF" Name="LIB_LCD_INTESC_REVD.sysdef"/>
  <File Type="ROUTE-METHODOLOGY-DRC-PB" Name="LIB_LCD_INTESC_REVD_methodology_drc_routed.pb"/>
  <File Type="ROUTE-PWR-RPX" Name="LIB_LCD_INTESC_REVD_power_routed.rpx"/>
  <File Type="ROUTE-STATUS" Name="LIB_LCD_INTESC_REVD_route_status.rpt"/>
  <File Type="ROUTE-STATUS-PB" Name="LIB_LCD_INTESC_REVD_route_status.pb"/>
  <File Type="ROUTE-TIMINGSUMMARY" Name="LIB_LCD_INTESC_REVD_timing_summary_routed.rpt"/>
  <File Type="ROUTE-TIMING-PB" Name="LIB_LCD_INTESC_REVD_timing_summary_routed.pb"/>
  <File Type="ROUTE-TIMING-RPX" Name="LIB_LCD_INTESC_REVD_timing_summary_routed.rpx"/>
  <File Type="ROUTE-SIMILARITY" Name="LIB_LCD_INTESC_REVD_incremental_reuse_routed.rpt"/>
  <File Type="ROUTE-CLK" Name="LIB_LCD_INTESC_REVD_clock_utilization_routed.rpt"/>
  <File Type="ROUTE-BUS-SKEW" Name="LIB_LCD_INTESC_REVD_bus_skew_routed.rpt"/>
  <File Type="ROUTE-BUS-SKEW-PB" Name="LIB_LCD_INTESC_REVD_bus_skew_routed.pb"/>
  <File Type="ROUTE-BUS-SKEW-RPX" Name="LIB_LCD_INTESC_REVD_bus_skew_routed.rpx"/>
  <File Type="POSTROUTE-PHYSOPT-DCP" Name="LIB_LCD_INTESC_REVD_postroute_physopt.dcp"/>
  <File Type="POSTROUTE-PHYSOPT-BLACKBOX-DCP" Name="LIB_LCD_INTESC_REVD_postroute_physopt_bb.dcp"/>
  <File Type="POSTROUTE-PHYSOPT-TIMING" Name="LIB_LCD_INTESC_REVD_timing_summary_postroute_physopted.rpt"/>
  <File Type="POSTROUTE-PHYSOPT-TIMING-PB" Name="LIB_LCD_INTESC_REVD_timing_summary_postroute_physopted.pb"/>
  <File Type="POSTROUTE-PHYSOPT-TIMING-RPX" Name="LIB_LCD_INTESC_REVD_timing_summary_postroute_physopted.rpx"/>
  <File Type="POSTROUTE-PHYSOPT-BUS-SKEW" Name="LIB_LCD_INTESC_REVD_bus_skew_postroute_physopted.rpt"/>
  <File Type="POSTROUTE-PHYSOPT-BUS-SKEW-PB" Name="LIB_LCD_INTESC_REVD_bus_skew_postroute_physopted.pb"/>
  <File Type="BG-BIT" Name="LIB_LCD_INTESC_REVD.bit"/>
  <File Type="POSTROUTE-PHYSOPT-BUS-SKEW-RPX" Name="LIB_LCD_INTESC_REVD_bus_skew_postroute_physopted.rpx"/>
  <File Type="BITSTR-RBT" Name="LIB_LCD_INTESC_REVD.rbt"/>
  <File Type="BITSTR-NKY" Name="LIB_LCD_INTESC_REVD.nky"/>
  <File Type="BG-DRC" Name="LIB_LCD_INTESC_REVD.drc"/>
  <File Type="RDI-RDI" Name="LIB_LCD_INTESC_REVD.vdi"/>
  <File Type="WBT-USG" Name="usage_statistics_webtalk.html"/>
  <FileSet Name="sources" Type="DesignSrcs" RelSrcDir="$PSRCDIR/sources_1">
    <Filter Type="Srcs"/>
    <File Path="$PSRCDIR/sources_1/INTESC_LCD_8BITS_RevD/CARACTERES_ESPECIALES_REVD.vhd">
      <FileInfo>
        <Attr Name="UsedIn" Val="synthesis"/>
        <Attr Name="UsedIn" Val="simulation"/>
      </FileInfo>
    </File>
    <File Path="$PPRDIR/../../../../INTESC_LCD_8BITS_RevD/COMANDOS_LCD_REVD.vhd">
      <FileInfo>
        <Attr Name="UsedIn" Val="synthesis"/>
        <Attr Name="UsedIn" Val="simulation"/>
      </FileInfo>
    </File>
    <File Path="$PSRCDIR/sources_1/INTESC_LCD_8BITS_RevD/PROCESADOR_LCD_REVD.vhd">
      <FileInfo>
        <Attr Name="UsedIn" Val="synthesis"/>
        <Attr Name="UsedIn" Val="simulation"/>
      </FileInfo>
    </File>
    <File Path="$PSRCDIR/sources_1/imports/PFV3_Raul_Sebas/TWICtl.vhdl">
      <FileInfo>
        <Attr Name="ImportPath" Val="$PPRDIR/../../../../PFV3_Raul_Sebas/TWICtl.vhdl"/>
        <Attr Name="ImportTime" Val="1605642223"/>
        <Attr Name="UsedIn" Val="synthesis"/>
        <Attr Name="UsedIn" Val="simulation"/>
      </FileInfo>
    </File>
    <File Path="$PSRCDIR/sources_1/imports/PFV3_Raul_Sebas/TempSensorCtl.vhdl">
      <FileInfo>
        <Attr Name="ImportPath" Val="$PPRDIR/../../../../PFV3_Raul_Sebas/TempSensorCtl.vhdl"/>
        <Attr Name="ImportTime" Val="1605642205"/>
        <Attr Name="UsedIn" Val="synthesis"/>
        <Attr Name="UsedIn" Val="simulation"/>
      </FileInfo>
    </File>
    <File Path="$PSRCDIR/sources_1/imports/new/one_shot.vhd">
      <FileInfo>
        <Attr Name="ImportPath" Val="$PPRDIR/../../PruebaPF/LCD/LCD/LCD.srcs/sources_1/new/one_shot.vhd"/>
        <Attr Name="ImportTime" Val="1605938133"/>
        <Attr Name="UsedIn" Val="synthesis"/>
        <Attr Name="UsedIn" Val="simulation"/>
      </FileInfo>
    </File>
    <File Path="$PSRCDIR/sources_1/INTESC_LCD_8BITS_RevD/LIB_LCD_INTESC_REVD.vhd">
      <FileInfo>
        <Attr Name="UsedIn" Val="synthesis"/>
        <Attr Name="UsedIn" Val="simulation"/>
      </FileInfo>
    </File>
    <Config>
      <Option Name="DesignMode" Val="RTL"/>
      <Option Name="TopModule" Val="LIB_LCD_INTESC_REVD"/>
      <Option Name="TopAutoSet" Val="TRUE"/>
    </Config>
  </FileSet>
  <FileSet Name="constrs_in" Type="Constrs" RelSrcDir="$PSRCDIR/constrs_1">
    <Filter Type="Constrs"/>
    <File Path="$PSRCDIR/constrs_1/imports/LCD/Nexys-4-DDR-Master.xdc">
      <FileInfo>
        <Attr Name="ImportPath" Val="$PPRDIR/../../PruebaPF/LCD/LCD/Nexys-4-DDR-Master.xdc"/>
        <Attr Name="ImportTime" Val="1605938271"/>
        <Attr Name="UsedIn" Val="synthesis"/>
        <Attr Name="UsedIn" Val="implementation"/>
      </FileInfo>
    </File>
    <Config>
      <Option Name="ConstrsType" Val="XDC"/>
    </Config>
  </FileSet>
  <Strategy Version="1" Minor="2">
    <StratHandle Name="Vivado Implementation Defaults" Flow="Vivado Implementation 2018"/>
    <Step Id="init_design"/>
    <Step Id="opt_design"/>
    <Step Id="power_opt_design"/>
    <Step Id="place_design"/>
    <Step Id="post_place_power_opt_design"/>
    <Step Id="phys_opt_design"/>
    <Step Id="route_design"/>
    <Step Id="post_route_phys_opt_design"/>
    <Step Id="write_bitstream"/>
  </Strategy>
</GenRun>
